{
    "name": "Global Information",
    "numberOfRequests": {
        "total": 408540,
        "ok": 264439,
        "ko": 144101
    },
    "minResponseTime": {
        "total": 0,
        "ok": 1,
        "ko": 0
    },
    "maxResponseTime": {
        "total": 80903,
        "ok": 80902,
        "ko": 80903
    },
    "meanResponseTime": {
        "total": 15278,
        "ok": 22507,
        "ko": 2012
    },
    "standardDeviation": {
        "total": 20290,
        "ok": 20362,
        "ko": 11597
    },
    "percentiles1": {
        "total": 885,
        "ok": 24446,
        "ko": 0
    },
    "percentiles2": {
        "total": 33535,
        "ok": 38693,
        "ko": 0
    },
    "percentiles3": {
        "total": 54551,
        "ok": 57571,
        "ko": 0
    },
    "percentiles4": {
        "total": 68386,
        "ok": 68679,
        "ko": 68200
    },
    "group1": {
        "name": "t < 800 ms",
        "count": 60007,
        "percentage": 15
    },
    "group2": {
        "name": "800 ms < t < 1200 ms",
        "count": 16772,
        "percentage": 4
    },
    "group3": {
        "name": "t > 1200 ms",
        "count": 187660,
        "percentage": 46
    },
    "group4": {
        "name": "failed",
        "count": 144101,
        "percentage": 35
    },
    "meanNumberOfRequestsPerSecond": {
        "total": 1066.6840731070497,
        "ok": 690.4412532637076,
        "ko": 376.24281984334203
    }
}